t_sec,ops_per_sec
0.1,7340
0.2,8410
0.3,8700
0.4,8230
0.5,9460
0.6,8830
0.7,7940
0.8,7570
0.9,7450
1.0,7860
1.1,7200
1.2,8180
1.3,7370
1.4,9160
1.5,8200
1.6,8530
1.7,8720
1.8,8940
1.9,7590
2.0,8430
2.1,9220
2.2,9000
2.3,8720
2.4,8630
2.5,6880
2.6,7510
2.7,9020
2.8,8550
2.9,8820
3.0,8380
3.1,7500
3.2,7950
3.3,9130
3.4,7560
3.5,9970
3.6,8650
3.7,7830
3.8,8430
3.9,8530
4.0,7800
4.1,8410
4.2,6990
4.3,9350
4.4,9800
4.5,7800
4.6,7880
4.7,7040
4.8,6770
4.9,8070
5.0,8130
5.1,7240
5.2,6560
5.3,7870
5.4,7390
5.5,7850
5.6,8160
5.7,8250
5.8,9720
5.9,8770
6.0,7960
6.1,8110
6.2,7930
6.3,8240
6.4,7510
6.5,8130
6.6,6830
6.7,8450
6.8,8050
6.9,7490
7.0,8110
7.1,7990
7.2,8790
7.3,9300
7.4,7820
7.5,8190
7.6,8820
7.7,9700
7.8,8680
7.9,9890
8.0,6050
8.1,6590
8.2,8170
8.3,7910
8.4,7410
8.5,8480
8.6,7780
8.7,7130
8.8,9210
8.9,8210
9.0,7130
9.1,8200
9.2,7180
9.3,8570
9.4,8470
9.5,8900
9.6,8420
9.7,8640
9.8,9290
9.9,7930
10.0,8650
10.1,8950
10.2,8650
10.3,8240
10.4,7730
10.5,9070
10.6,8670
10.7,8710
10.8,2860
10.9,9030
11.0,8340
11.1,7640
11.2,8340
11.3,8590
11.4,7640
11.5,8150
11.6,7740
11.7,8110
11.8,7220
11.9,8420
12.0,8020
12.1,8830
12.2,8440
12.3,8320
12.4,7550
12.5,8500
12.6,9520
12.7,9180
12.8,8730
12.9,7630
13.0,8730
13.1,8470
13.2,6550
13.3,6420
13.4,9290
13.5,8300
13.6,9340
13.7,8120
13.8,7260
13.9,8560
14.0,8720
14.1,7310
14.2,9020
14.3,8320
14.4,8240
14.5,8630
14.6,7340
14.7,8190
14.8,9130
14.9,9120
15.0,8310
15.1,9340
15.2,8760
15.3,8290
15.4,8700
15.5,6770
15.6,9660
15.7,8800
15.8,8350
15.9,9420
16.0,9620
16.1,10220
16.2,11380
16.3,9410
16.4,8710
16.5,7870
16.6,8900
16.7,8150
16.8,7640
16.9,8820
17.0,8870
17.1,8060
17.2,8970
17.3,7780
17.4,7550
17.5,8370
17.6,8820
17.7,7330
17.8,8360
17.9,8070
18.0,7730
18.1,8020
18.2,8030
18.3,8210
18.4,7100
18.5,7670
18.6,7300
18.7,7530
18.8,7770
18.9,7980
19.0,7670
19.1,8700
19.2,7630
19.3,7990
19.4,8090
19.5,7780
19.6,7890
19.7,7990
19.8,7920
19.9,7970
20.0,7330
20.1,2320
20.2,0
20.3,0
20.4,40
20.5,1850
20.6,6420
20.7,7910
20.8,7710
20.9,7970
21.0,9820
21.1,10130
21.2,8560
21.3,7790
21.4,9720
21.5,9800
21.6,7510
21.7,8270
21.8,8950
21.9,8980
22.0,9120
22.1,8380
22.2,8420
22.3,9220
22.4,8500
22.5,8840
22.6,8220
22.7,8050
22.8,8450
22.9,9050
23.0,9300
23.1,9180
23.2,8930
23.3,8700
23.4,8260
23.5,8580
23.6,8720
23.7,8940
23.8,9960
23.9,8920
24.0,8640
24.1,9280
24.2,7000
24.3,9840
24.4,8540
24.5,9580
24.6,10390
24.7,9780
24.8,9680
24.9,10120
25.0,8530
25.1,8870
25.2,9880
25.3,9380
25.4,9950
25.5,9780
25.6,9670
25.7,9660
25.8,9730
25.9,10740
26.0,9900
26.1,10500
26.2,9870
26.3,8490
26.4,7620
26.5,8950
26.6,7910
26.7,7290
26.8,7720
26.9,7090
27.0,7020
27.1,8540
27.2,7680
27.3,7970
27.4,9080
27.5,7080
27.6,8160
27.7,8000
27.8,7800
27.9,7500
28.0,7860
28.1,8650
28.2,9290
28.3,9090
28.4,8740
28.5,8640
28.6,9470
28.7,10450
28.8,10690
28.9,11020
29.0,9890
29.1,10500
29.2,9360
29.3,10580
29.4,10780
29.5,9490
29.6,10020
29.7,8810
29.8,10010
29.9,11160
30.0,8800
30.1,10230
30.2,10130
30.3,10250
30.4,10630
30.5,9670
30.6,9900
30.7,6080
30.8,8570
30.9,11130
31.0,10200
31.1,10330
31.2,10450
31.3,11960
31.4,11120
31.5,10250
31.6,10580
31.7,10330
31.8,10290
31.9,10470
32.0,10190
32.1,8600
32.2,9750
32.3,9850
32.4,9000
32.5,9330
32.6,8340
32.7,6920
32.8,7810
32.9,8870
33.0,8890
33.1,8650
33.2,8240
33.3,9510
33.4,8600
33.5,9380
33.6,8350
33.7,9570
33.8,10470
33.9,8660
34.0,9910
34.1,8990
34.2,9430
34.3,10710
34.4,10060
34.5,10620
34.6,9380
34.7,5890
34.8,6580
34.9,9560
35.0,8680
35.1,8070
35.2,9480
35.3,9750
35.4,9660
35.5,10090
35.6,9540
35.7,9810
35.8,9870
35.9,10880
36.0,9680
36.1,10500
36.2,10170
36.3,9540
36.4,9170
36.5,8340
36.6,9360
36.7,9600
36.8,9350
36.9,10710
37.0,9910
37.1,9010
37.2,11010
37.3,9300
37.4,9440
37.5,8770
37.6,8980
37.7,10820
37.8,9770
37.9,8450
38.0,9410
38.1,6990
38.2,8260
38.3,7050
38.4,9330
38.5,8670
38.6,8700
38.7,9350
38.8,8980
38.9,9750
39.0,9320
39.1,9280
39.2,9190
39.3,9190
39.4,9730
39.5,8320
39.6,9750
39.7,8130
39.8,8680
39.9,8000
40.0,8220
40.1,7850
40.2,4710
40.3,0
40.4,0
40.5,0
40.6,0
40.7,2160
40.8,7290
40.9,8540
41.0,6840
41.1,7990
41.2,8560
41.3,8660
41.4,9610
41.5,10670
41.6,12100
41.7,10790
41.8,11550
41.9,11280
42.0,9980
42.1,9070
42.2,9680
42.3,9350
42.4,8380
42.5,8080
42.6,9810
42.7,8370
42.8,7760
42.9,9840
43.0,8980
43.1,10910
43.2,10180
43.3,10490
43.4,11150
43.5,11140
43.6,10000
43.7,10560
43.8,11460
43.9,9750
44.0,11150
44.1,11520
44.2,11720
44.3,10080
44.4,11510
44.5,9320
44.6,9450
44.7,9010
44.8,9290
44.9,9960
45.0,8350
45.1,9340
45.2,10260
45.3,10760
45.4,10300
45.5,11060
45.6,10980
45.7,9760
45.8,8330
45.9,9220
46.0,9640
46.1,11650
46.2,6430
46.3,7770
46.4,10370
46.5,8380
46.6,8100
46.7,8950
46.8,7750
46.9,8550
47.0,11380
47.1,10400
47.2,11530
47.3,10440
47.4,11000
47.5,9360
47.6,10390
47.7,9410
47.8,9150
47.9,9530
48.0,8330
48.1,8950
48.2,7940
48.3,9540
48.4,9490
48.5,9620
48.6,8650
48.7,9620
48.8,11600
48.9,9670
49.0,9040
49.1,8670
49.2,8900
49.3,9330
49.4,9010
49.5,8520
49.6,8680
49.7,9720
49.8,12130
49.9,10120
50.0,10290
50.1,9860
50.2,8880
50.3,9320
50.4,10660
50.5,8830
50.6,9840
50.7,10460
50.8,9140
50.9,8720
51.0,9350
51.1,10380
51.2,9200
51.3,9500
51.4,9040
51.5,8860
51.6,10660
51.7,10220
51.8,9710
51.9,9830
52.0,9730
52.1,10650
52.2,10060
52.3,11050
52.4,9430
52.5,10930
52.6,10720
52.7,11690
52.8,9200
52.9,10030
53.0,8860
53.1,9270
53.2,10130
53.3,10790
53.4,11230
53.5,11000
53.6,10550
53.7,9850
53.8,11220
53.9,9750
54.0,8390
54.1,9080
54.2,9410
54.3,9930
54.4,11300
54.5,10400
54.6,11730
54.7,9550
54.8,12020
54.9,11790
55.0,11580
55.1,10250
55.2,10640
55.3,9840
55.4,9740
55.5,9630
55.6,11320
55.7,10620
55.8,11810
55.9,10440
56.0,11280
56.1,10100
56.2,9350
56.3,10660
56.4,11220
56.5,7850
56.6,10790
56.7,9490
56.8,10520
56.9,10000
57.0,9720
57.1,11260
57.2,10150
57.3,11580
57.4,8180
57.5,9730
57.6,11370
57.7,11140
57.8,11470
57.9,9180
58.0,9780
58.1,8480
58.2,8310
58.3,8860
58.4,9390
58.5,10250
58.6,11030
58.7,10700
58.8,11690
58.9,10300
59.0,9660
59.1,9900
59.2,11930
59.3,10680
59.4,11590
59.5,10220
59.6,10220
59.7,10660
59.8,9740
59.9,8070
60.0,9070
